{
  "force_lightning_lwc_start_text": "SFDX: ローカルの開発サーバを起動",
  "force_lightning_lwc_stop_text": "SFDX: ローカルの開発サーバを停止",
  "force_lightning_lwc_open_text": "SFDX: ローカルの開発サーバを開く",
  "force_lightning_lwc_preview_text": "SFDX: コンポーネントをローカルでプレビュー",
  "force_lightning_lwc_test_view_name": "LWC テスト",
  "force_lightning_lwc_test_run_all_tests_text": "SFDX: すべての Lightning Web コンポーネントのテストを実行",
  "force_lightning_lwc_test_refresh_test_explorer_text": "SFDX: Lightning Web コンポーネントテストエクスプローラを更新",
  "force_lightning_lwc_test_navigate_to_test": "SFDX: Lightning Web コンポーネントのテストへ移動",
  "force_lightning_lwc_test_file_run_text": "SFDX: Lightning Web コンポーネントのテストファイルを実行",
  "force_lightning_lwc_test_file_debug_text": "SFDX: Lightning Web コンポーネントのテストファイルをデバッグ",
  "force_lightning_lwc_test_case_run_text": "SFDX: Lightning Web コンポーネントのテストケースを実行",
  "force_lightning_lwc_test_case_debug_text": "SFDX: Lightning Web コンポーネントのテストケースをデバッグ",
  "force_lightning_lwc_test_run_current_file_text": "SFDX: 現在の Lightning Web コンポーネントのテストファイルを実行",
  "force_lightning_lwc_test_debug_current_file_text": "SFDX: 現在の Lightning Web コンポーネントのテストファイルをデバッグ",
  "force_lightning_lwc_test_start_watching_text": "SFDX: Lightning Web コンポーネントのテストのウォッチを開始",
  "force_lightning_lwc_test_stop_watching_text": "SFDX: Lightning Web コンポーネントのテストのウォッチを停止",
  "force_lightning_lwc_test_stop_watching_all_tests_text": "SFDX: すべての Lightning Web コンポーネントのテストのウォッチを停止",
  "force_lightning_lwc_preferences": "Salesforce Lightning Web Components",
  "force_lightning_lwc_remember_device_description": "最後に使用したモバイルデバイスのターゲットを保存する",
  "force_lightning_lwc_mobile_log_level": "モバイルプレビューする SFDX コマンドを呼び出す際に使用されるログレベル"
}
