{
  "force_lightning_lwc_start_text": "SFDX: Start Local Development Server",
  "force_lightning_lwc_stop_text": "SFDX: Stop Local Development Server",
  "force_lightning_lwc_open_text": "SFDX: Open Local Development Server",
  "force_lightning_lwc_preview_text": "SFDX: Preview Component Locally",
  "force_lightning_lwc_test_view_name": "LWC Tests",
  "force_lightning_lwc_test_run_all_tests_text": "SFDX: Run All Lightning Web Component Tests",
  "force_lightning_lwc_test_refresh_test_explorer_text": "SFDX: Refresh Lightning Web Component Test Explorer",
  "force_lightning_lwc_test_navigate_to_test": "SFDX: Navigate to Lightning Web Component Test",
  "force_lightning_lwc_test_file_run_text": "SFDX: Run Lightning Web Component Test File",
  "force_lightning_lwc_test_file_debug_text": "SFDX: Debug Lightning Web Component Test File",
  "force_lightning_lwc_test_case_run_text": "SFDX: Run Lightning Web Component Test Case",
  "force_lightning_lwc_test_case_debug_text": "SFDX: Debug Lightning Web Component Test Case",
  "force_lightning_lwc_test_run_current_file_text": "SFDX: Run Current Lightning Web Component Test File",
  "force_lightning_lwc_test_debug_current_file_text": "SFDX: Debug Current Lightning Web Component Test File",
  "force_lightning_lwc_test_start_watching_text": "SFDX: Start Watching Lightning Web Component Test",
  "force_lightning_lwc_test_stop_watching_text": "SFDX: Stop Watching Lightning Web Component Test",
  "force_lightning_lwc_test_stop_watching_all_tests_text": "SFDX: Stop Watching All Lightning Web Component Tests",
  "force_lightning_lwc_preferences": "Salesforce Lightning Web Components",
  "force_lightning_lwc_remember_device_description": "Remember most recently used mobile device target.",
  "force_lightning_lwc_mobile_log_level": "Log level used when calling SFDX Preview on Mobile command.",
  "force_lightning_lwc_debugger": "Debug: LWC Jest Tests",
  "force_lightning_lwc_debugger_desc": "Debug configuration for running LWC jest tests in VSCode."
}
